timestamp,total_addresses,blocksize,price_USD,hashrate,total_eth_growth,market-cap-value,transactions
1438214400.0,9205.0,644.0,0.0,23.7569,72049306.59375,72049306.59375,8893.0
1438300800.0,9361.0,582.0,0.0,48.1584,72085498.3125,72085498.3125,0.0
1438387200.0,9476.0,575.0,0.0,55.2709,72113204.25,72113204.25,0.0
1438473600.0,9563.0,581.0,0.0,64.1779,72141427.6875,72141427.6875,0.0
1438560000.0,9639.0,587.0,0.0,69.8559,72169404.40625,72169404.40625,0.0
1438646400.0,9696.0,587.0,0.0,76.6115,72197882.84375,72197882.84375,0.0
1438732800.0,9749.0,579.0,0.0,81.9449,72225411.4375,72225411.4375,0.0
1438819200.0,9790.0,584.0,0.0,82.9366,72252486.90625,72252486.90625,0.0
1438905600.0,10314.0,633.0,3.0,89.6063,72279924.5625,72279924.5625,2050.0
1438992000.0,10730.0,668.0,1.22,97.6083,72307868.0,72307868.0,2881.0
1439078400.0,11004.0,618.0,0.0,102.5407,72335046.28125,72335046.28125,1329.0
1439164800.0,11679.0,631.0,0.0,113.1109,72362863.625,72362863.625,2037.0
1439251200.0,13576.0,692.0,0.99,126.6631,72390891.4375,72390891.4375,4963.0
1439337600.0,13913.0,653.0,1.3,132.7661,72418262.375,72418262.375,2036.0
1439424000.0,14459.0,666.0,1.91,144.8995,72446530.5,72446530.5,2842.0
1439510400.0,15024.0,660.0,1.8,183.5527,72477637.21875,72477637.21875,3174.0
1439596800.0,15407.0,638.0,1.79,213.9622,72506149.875,72506149.875,2284.0
1439683200.0,15698.0,641.0,1.37,220.8548,72533244.40625,72533244.40625,2440.0
1439769600.0,15984.0,635.0,1.3,245.4865,72561363.3125,72561363.3125,2512.0
1439856000.0,16268.0,648.0,1.36,253.7123,72587526.125,72587526.125,2494.0
1439942400.0,16553.0,653.0,1.25,269.2527,72614808.15625,72614808.15625,3246.0
1440028800.0,16773.0,650.0,1.55,252.3917,72635865.1875,72635865.1875,2303.0
1440115200.0,17070.0,668.0,1.45,263.4014,72662556.125,72662556.125,3919.0
1440201600.0,17313.0,648.0,1.4,298.2545,72690106.59375,72690106.59375,3579.0
1440288000.0,17662.0,681.0,1.38,303.082,72716362.21875,72716362.21875,4190.0
1440374400.0,17839.0,673.0,1.24,314.6624,72743695.5,72743695.5,4432.0
1440460800.0,18089.0,680.0,1.26,309.2154,72770431.59375,72770431.59375,4487.0
1440547200.0,18298.0,669.0,1.17,327.8673,72796569.5625,72796569.5625,4156.0
1440633600.0,18508.0,708.0,1.14,327.6196,72821102.375,72821102.375,5590.0
1440720000.0,18687.0,691.0,1.29,340.1254,72845327.53125,72845327.53125,4758.0
1440806400.0,18815.0,682.0,1.18,339.3919,72867852.53125,72867852.53125,4139.0
1440892800.0,19017.0,689.0,1.31,332.4474,72889306.125,72889306.125,4572.0
1440979200.0,19168.0,731.0,1.31,351.2291,72910599.5625,72910599.5625,5196.0
1441065600.0,19349.0,741.0,1.34,354.1181,72930942.53125,72930942.53125,5153.0
1441152000.0,19500.0,766.0,1.16,349.6263,72949329.875,72949329.875,5195.0
1441238400.0,19646.0,755.0,1.24,331.5756,72966710.8125,72966710.8125,4777.0
1441324800.0,19791.0,762.0,1.24,340.3879,72989792.6875,72989792.6875,5642.0
1441411200.0,19955.0,753.0,1.37,361.5994,73015421.75,73015421.75,5519.0
1441497600.0,20081.0,733.0,1.34,371.3126,73041590.03125,73041590.03125,5521.0
1441584000.0,20308.0,753.0,1.32,360.9598,73067050.5,73067050.5,5702.0
1441670400.0,20433.0,759.0,1.3,352.7229,73092943.0,73092943.0,5622.0
1441756800.0,20609.0,765.0,1.25,368.0392,73119370.65625,73119370.65625,5604.0
1441843200.0,20711.0,730.0,1.16,371.1206,73145814.875,73145814.875,5341.0
1441929600.0,20897.0,736.0,1.01,397.2576,73173054.71875,73173054.71875,6460.0
1442016000.0,21043.0,761.0,1.12,405.6008,73199455.8125,73199455.8125,5596.0
1442102400.0,21252.0,764.0,0.89,412.3321,73225627.21875,73225627.21875,6057.0
1442188800.0,21409.0,771.0,0.96,380.4038,73251215.34375,73251215.34375,5572.0
1442275200.0,21581.0,755.0,0.95,366.6357,73276830.65625,73276830.65625,5409.0
1442361600.0,21719.0,739.0,0.96,362.0796,73303148.78125,73303148.78125,5872.0
1442448000.0,21826.0,753.0,0.92,342.0493,73328584.40625,73328584.40625,5368.0
1442534400.0,21999.0,785.0,0.85,326.1315,73354486.125,73354486.125,5802.0
1442620800.0,22106.0,735.0,0.9,332.9998,73381665.8125,73381665.8125,5205.0
1442707200.0,22230.0,766.0,0.93,390.7766,73409648.46875,73409648.46875,6402.0
1442793600.0,22363.0,779.0,0.9,393.8171,73436300.34375,73436300.34375,6305.0
1442880000.0,22496.0,807.0,0.87,395.4227,73462670.65625,73462670.65625,6804.0
1442966400.0,22648.0,784.0,0.9,422.5629,73489750.96875,73489750.96875,7404.0
1443052800.0,22783.0,782.0,0.83,417.591,73516136.75,73516136.75,6224.0
1443139200.0,22902.0,767.0,0.69,421.4033,73543140.1875,73543140.1875,5851.0
1443225600.0,22964.0,765.0,0.71,423.4245,73569050.5,73569050.5,5907.0
1443312000.0,23045.0,725.0,0.77,412.8378,73594061.59375,73594061.59375,5760.0
1443398400.0,23160.0,755.0,0.62,379.0354,73618775.8125,73618775.8125,6123.0
1443484800.0,23283.0,762.0,0.59,330.5963,73643144.25,73643144.25,5738.0
1443571200.0,23385.0,742.0,0.73,315.1845,73668238.0,73668238.0,5870.0
1443657600.0,23482.0,741.0,0.67,347.9262,73695660.03125,73695660.03125,6421.0
1443744000.0,23563.0,773.0,0.66,364.9391,73722573.15625,73722573.15625,6063.0
1443830400.0,23689.0,769.0,0.7,378.3587,73749026.90625,73749026.90625,6112.0
1443916800.0,23777.0,776.0,0.68,360.3209,73774507.0625,73774507.0625,6624.0
1444003200.0,23909.0,771.0,0.66,373.8427,73800643.9375,73800643.9375,6279.0
1444089600.0,24005.0,781.0,0.63,361.6866,73825680.5,73825680.5,6458.0
1444176000.0,24102.0,808.0,0.61,354.5899,73851814.09375,73851814.09375,7121.0
1444262400.0,24168.0,789.0,0.62,364.4138,73878596.28125,73878596.28125,6926.0
1444348800.0,24243.0,779.0,0.64,355.5959,73904043.9375,73904043.9375,6763.0
1444435200.0,24303.0,778.0,0.64,351.084,73929543.625,73929543.625,6529.0
1444521600.0,24359.0,748.0,0.61,368.0058,73956054.40625,73956054.40625,6023.0
1444608000.0,24473.0,787.0,0.65,378.7687,73982854.40625,73982854.40625,6593.0
1444694400.0,24675.0,818.0,0.6,384.9138,74009522.6875,74009522.6875,6818.0
1444780800.0,24906.0,791.0,0.51,379.3914,74035398.3125,74035398.3125,6830.0
1444867200.0,25142.0,824.0,0.6,361.6693,74061008.78125,74061008.78125,6499.0
1444953600.0,25248.0,827.0,0.52,336.9025,74086450.1875,74086450.1875,6795.0
1445040000.0,25356.0,788.0,0.54,360.0608,74112900.8125,74112900.8125,6567.0
1445126400.0,25489.0,812.0,0.51,349.8902,74138749.09375,74138749.09375,6481.0
1445212800.0,25729.0,802.0,0.49,347.3344,74164715.8125,74164715.8125,6604.0
1445299200.0,25828.0,770.0,0.44,343.9115,74190908.3125,74190908.3125,5897.0
1445385600.0,26090.0,774.0,0.43,346.8015,74216954.71875,74216954.71875,6182.0
1445472000.0,26244.0,782.0,0.61,326.6268,74242285.5,74242285.5,5979.0
1445558400.0,26449.0,818.0,0.57,365.8809,74269844.09375,74269844.09375,6888.0
1445644800.0,26892.0,771.0,0.55,387.2388,74296959.09375,74296959.09375,6361.0
1445731200.0,27220.0,751.0,0.64,399.05,74323773.3125,74323773.3125,5830.0
1445817600.0,27534.0,765.0,0.71,379.5194,74349688.625,74349688.625,5938.0
1445904000.0,27744.0,815.0,0.84,402.6895,74377214.875,74377214.875,6784.0
1445990400.0,27918.0,808.0,0.97,399.8592,74403563.3125,74403563.3125,7346.0
1446076800.0,28188.0,814.0,1.11,428.9193,74431070.34375,74431070.34375,7836.0
1446163200.0,28770.0,781.0,1.14,461.8848,74458794.25,74458794.25,7941.0
1446249600.0,29166.0,812.0,0.88,474.3059,74486542.0625,74486542.0625,7557.0
1446336000.0,29676.0,783.0,1.05,475.3902,74514722.21875,74514722.21875,6915.0
1446422400.0,29973.0,779.0,0.97,458.2611,74541856.4375,74541856.4375,6558.0
1446508800.0,30326.0,844.0,0.98,441.5678,74569462.21875,74569462.21875,7399.0
1446595200.0,30608.0,762.0,0.83,465.7518,74597178.625,74597178.625,7037.0
1446681600.0,30815.0,813.0,0.9,455.3749,74624470.03125,74624470.03125,7498.0
1446768000.0,30968.0,812.0,0.94,464.8882,74651892.21875,74651892.21875,7882.0
1446854400.0,31514.0,1005.0,0.93,443.1504,74678607.53125,74678607.53125,10996.0
1446940800.0,32153.0,1015.0,1.0,459.0328,74705896.59375,74705896.59375,12413.0
1447027200.0,32455.0,786.0,1.01,461.3202,74732956.125,74732956.125,7689.0
1447113600.0,32634.0,834.0,0.9,463.7579,74760400.1875,74760400.1875,8151.0
1447200000.0,32804.0,1044.0,0.75,454.769,74788226.75,74788226.75,10217.0
1447286400.0,32918.0,874.0,0.89,465.8401,74816251.28125,74816251.28125,9534.0
1447372800.0,33055.0,808.0,0.9,479.0797,74844436.4375,74844436.4375,7891.0
1447459200.0,33157.0,938.0,0.88,481.9432,74872794.09375,74872794.09375,7211.0
1447545600.0,33264.0,797.0,0.92,505.889,74900914.25,74900914.25,7170.0
1447632000.0,33376.0,782.0,0.93,499.1223,74928309.40625,74928309.40625,7442.0
1447718400.0,33512.0,762.0,1.0,500.689,74956103.0,74956103.0,7145.0
1447804800.0,33629.0,774.0,1.0,515.9244,74983355.03125,74983355.03125,7373.0
1447891200.0,33765.0,882.0,0.96,527.3325,75009918.46875,75009918.46875,8876.0
1447977600.0,33883.0,814.0,0.92,444.6029,75035048.9375,75035048.9375,6348.0
1448064000.0,33999.0,832.0,0.97,452.9449,75061831.125,75061831.125,6822.0
1448150400.0,34447.0,816.0,0.99,453.2137,75088819.71875,75088819.71875,7083.0
1448236800.0,34594.0,863.0,0.93,460.4471,75116092.0625,75116092.0625,8260.0
1448323200.0,34812.0,828.0,0.93,451.9348,75142940.1875,75142940.1875,7152.0
1448409600.0,34913.0,807.0,0.87,437.6937,75169412.0625,75169412.0625,7098.0
1448496000.0,35071.0,784.0,0.87,440.4046,75195950.5,75195950.5,7278.0
1448582400.0,35136.0,790.0,0.88,458.006,75223837.375,75223837.375,6639.0
1448668800.0,35204.0,774.0,0.93,460.0296,75251045.34375,75251045.34375,6817.0
1448755200.0,35288.0,776.0,0.88,467.2217,75278393.15625,75278393.15625,6853.0
1448841600.0,35402.0,864.0,0.9,470.9538,75305749.40625,75305749.40625,8986.0
1448928000.0,35508.0,847.0,0.87,470.8828,75333292.21875,75333292.21875,6794.0
1449014400.0,35607.0,819.0,0.83,446.5842,75359299.25,75359299.25,6502.0
1449100800.0,35709.0,778.0,0.83,465.4228,75387362.53125,75387362.53125,6971.0
1449187200.0,35879.0,804.0,0.84,464.769,75414041.90625,75414041.90625,6898.0
1449273600.0,36022.0,835.0,0.86,484.0832,75440623.78125,75440623.78125,6784.0
1449360000.0,36291.0,877.0,0.84,456.1653,75466879.5625,75466879.5625,9103.0
1449446400.0,36437.0,775.0,0.81,451.5806,75493598.46875,75493598.46875,7141.0
1449532800.0,36557.0,771.0,0.81,440.4392,75519910.96875,75519910.96875,6697.0
1449619200.0,36673.0,779.0,0.8,451.5592,75548235.03125,75548235.03125,7001.0
1449705600.0,36820.0,820.0,0.84,472.5491,75575712.375,75575712.375,7444.0
1449792000.0,36951.0,884.0,0.9,482.2872,75602735.1875,75602735.1875,8105.0
1449878400.0,37373.0,916.0,0.97,485.3189,75629941.75,75629941.75,8205.0
1449964800.0,37569.0,845.0,0.93,527.4325,75657849.09375,75657849.09375,7426.0
1450051200.0,37729.0,1752.0,0.99,507.6232,75684557.6875,75684557.6875,15550.0
1450137600.0,37850.0,1834.0,1.0,525.7241,75711572.21875,75711572.21875,21098.0
1450224000.0,37990.0,1216.0,0.82,507.043,75738029.5625,75738029.5625,10304.0
1450310400.0,38358.0,1053.0,0.94,525.5147,75764912.6875,75764912.6875,9612.0
1450396800.0,38634.0,1057.0,0.92,521.94,75791584.25,75791584.25,9032.0
1450483200.0,38756.0,1009.0,0.92,521.0237,75818278.78125,75818278.78125,9314.0
1450569600.0,38902.0,1103.0,1.04,508.7178,75844714.875,75844714.875,9879.0
1450656000.0,39082.0,1172.0,0.9,503.4873,75871172.6875,75871172.6875,12063.0
1450742400.0,39208.0,2045.0,0.89,532.5519,75898547.0625,75898547.0625,21027.0
1450828800.0,39317.0,1544.0,0.86,515.6242,75925946.4375,75925946.4375,22740.0
1450915200.0,39422.0,1292.0,0.87,510.9724,75952633.0,75952633.0,13494.0
1451001600.0,39537.0,1042.0,0.9,513.0784,75979436.59375,75979436.59375,9521.0
1451088000.0,39678.0,1074.0,0.85,503.1197,76005996.75,76005996.75,10726.0
1451174400.0,39822.0,1575.0,0.91,513.1455,76032850.5,76032850.5,21867.0
1451260800.0,40010.0,1239.0,0.87,519.2876,76059908.46875,76059908.46875,12368.0
1451347200.0,40182.0,1200.0,0.91,507.0365,76086569.5625,76086569.5625,11358.0
1451433600.0,40333.0,1564.0,0.93,505.9181,76113305.8125,76113305.8125,21767.0
1451520000.0,40566.0,1057.0,0.94,511.0014,76140217.84375,76140217.84375,10301.0
1451606400.0,40701.0,885.0,0.96,498.5749,76166284.40625,76166284.40625,8233.0
1451692800.0,40850.0,954.0,0.97,492.1201,76193668.3125,76193668.3125,9164.0
1451779200.0,41000.0,955.0,0.97,509.4547,76221344.09375,76221344.09375,9258.0
1451865600.0,41198.0,981.0,0.95,508.1827,76248764.71875,76248764.71875,9474.0
1451952000.0,41381.0,1396.0,0.94,513.2618,76276603.9375,76276603.9375,16430.0
1452038400.0,41647.0,1553.0,0.97,513.8092,76304229.40625,76304229.40625,17074.0
1452124800.0,41869.0,1550.0,0.96,490.9855,76331251.59375,76331251.59375,22075.0
1452211200.0,42078.0,1080.0,1.0,516.4913,76359248.3125,76359248.3125,10919.0
1452297600.0,42411.0,1209.0,1.0,514.4362,76386844.09375,76386844.09375,11793.0
1452384000.0,42678.0,1044.0,1.02,510.7642,76414132.0625,76414132.0625,10320.0
1452470400.0,43005.0,1058.0,1.08,541.9062,76441137.21875,76441137.21875,10893.0
1452556800.0,43351.0,1094.0,1.13,522.5879,76467038.0,76467038.0,10862.0
1452643200.0,43579.0,1423.0,1.14,508.8842,76493573.3125,76493573.3125,17665.0
1452729600.0,43804.0,1062.0,1.15,532.0852,76520492.53125,76520492.53125,10653.0
1452816000.0,44209.0,1006.0,1.2,550.7681,76547289.875,76547289.875,9875.0
1452902400.0,44494.0,967.0,1.22,557.6853,76573813.0,76573813.0,10664.0
1452988800.0,44771.0,887.0,1.27,548.1829,76600412.84375,76600412.84375,9747.0
1453075200.0,45167.0,1057.0,1.45,575.3153,76627033.0,76627033.0,12916.0
1453161600.0,45486.0,1107.0,1.27,572.2182,76653125.8125,76653125.8125,13420.0
1453248000.0,45937.0,959.0,1.53,572.1047,76679668.3125,76679668.3125,10610.0
1453334400.0,46362.0,944.0,1.54,573.709,76705587.53125,76705587.53125,10734.0
1453420800.0,46783.0,1027.0,1.52,597.3168,76731842.53125,76731842.53125,13848.0
1453507200.0,47374.0,906.0,2.02,596.8191,76757612.21875,76757612.21875,11025.0
1453593600.0,48105.0,993.0,2.1,628.651,76784855.1875,76784855.1875,12798.0
1453680000.0,48925.0,1335.0,2.49,605.5737,76810552.21875,76810552.21875,17121.0
1453766400.0,49844.0,1228.0,2.29,658.7338,76837541.4375,76837541.4375,16511.0
1453852800.0,50637.0,1566.0,2.42,647.7358,76863642.21875,76863642.21875,18747.0
1453939200.0,51643.0,1424.0,2.52,624.3007,76890206.90625,76890206.90625,16765.0
1454025600.0,52611.0,1308.0,2.42,639.9955,76916367.375,76916367.375,16395.0
1454112000.0,53598.0,1179.0,2.44,647.0259,76942560.5,76942560.5,14661.0
1454198400.0,54494.0,1135.0,2.21,615.8746,76968242.375,76968242.375,14166.0
1454284800.0,55186.0,1081.0,2.16,654.1278,76994673.625,76994673.625,14199.0
1454371200.0,55768.0,1077.0,2.43,630.3772,77020542.0625,77020542.0625,14291.0
1454457600.0,56445.0,1060.0,2.44,672.6015,77047840.03125,77047840.03125,14274.0
1454544000.0,57050.0,1087.0,2.55,670.991,77074402.375,77074402.375,14371.0
1454630400.0,57863.0,1117.0,2.55,670.5626,77100960.96875,77100960.96875,15249.0
1454716800.0,58402.0,1678.0,2.53,647.0863,77127306.75,77127306.75,31418.0
1454803200.0,58925.0,1026.0,2.99,670.8703,77153991.4375,77153991.4375,14264.0
1454889600.0,59593.0,1034.0,3.15,700.3927,77180646.4375,77180646.4375,14719.0
1454976000.0,60346.0,1032.0,3.75,674.4033,77207117.53125,77207117.53125,15517.0
1455062400.0,61635.0,1106.0,4.35,686.6895,77233278.78125,77233278.78125,17141.0
1455148800.0,63947.0,1280.0,6.35,715.549,77259756.59375,77259756.59375,21440.0
1455235200.0,65483.0,1171.0,5.38,689.224,77286258.625,77286258.625,18109.0
1455321600.0,66901.0,1222.0,5.25,728.3101,77313140.1875,77313140.1875,19327.0
1455408000.0,68010.0,1140.0,5.18,744.6017,77339469.25,77339469.25,16624.0
1455494400.0,68996.0,1127.0,5.23,760.8675,77365694.5625,77365694.5625,17159.0
1455580800.0,69956.0,1128.0,4.26,758.1305,77392140.34375,77392140.34375,17549.0
1455667200.0,70919.0,1265.0,3.84,737.5344,77417812.375,77417812.375,19990.0
1455753600.0,71720.0,1109.0,4.35,723.4539,77444027.21875,77444027.21875,16969.0
1455840000.0,73097.0,1157.0,4.46,758.4649,77470682.6875,77470682.6875,18412.0
1455926400.0,73761.0,1046.0,4.37,772.541,77497243.46875,77497243.46875,16714.0
1456012800.0,75500.0,1051.0,4.64,776.957,77523780.03125,77523780.03125,17119.0
1456099200.0,76417.0,1090.0,5.61,818.0979,77550537.84375,77550537.84375,18190.0
1456185600.0,77363.0,1117.0,5.66,822.7791,77576707.84375,77576707.84375,18482.0
1456272000.0,78179.0,1109.0,6.2,822.5628,77603134.71875,77603134.71875,19540.0
1456358400.0,79187.0,1114.0,5.95,833.5308,77629958.46875,77629958.46875,19503.0
1456444800.0,80568.0,1289.0,5.97,851.8002,77656612.53125,77656612.53125,21068.0
1456531200.0,81372.0,1102.0,6.3,871.6768,77682812.375,77682812.375,18981.0
1456617600.0,82742.0,1091.0,6.48,889.7172,77709234.40625,77709234.40625,19063.0
1456704000.0,84582.0,1175.0,6.36,868.457,77734463.9375,77734463.9375,20358.0
1456790400.0,86447.0,1157.0,7.6,887.58,77760945.03125,77760945.03125,21778.0
1456876800.0,88628.0,1199.0,8.69,915.7752,77787589.25,77787589.25,23562.0
1456963200.0,90921.0,1248.0,9.35,945.4459,77813700.5,77813700.5,24837.0
1457049600.0,93327.0,1249.0,9.96,970.9779,77839585.8125,77839585.8125,24287.0
1457136000.0,96435.0,1314.0,10.97,1022.7687,77866168.0,77866168.0,27115.0
1457222400.0,99307.0,1366.0,11.03,1030.5122,77891567.6875,77891567.6875,27661.0
1457308800.0,101184.0,1218.0,9.5,1037.0411,77917553.15625,77917553.15625,23271.0
1457395200.0,103555.0,1242.0,9.87,1054.0514,77943376.28125,77943376.28125,24104.0
1457481600.0,105944.0,1279.0,11.57,1074.1375,77969119.5625,77969119.5625,24557.0
1457568000.0,108347.0,1222.0,11.12,1131.0236,77995747.0625,77995747.0625,24814.0
1457654400.0,109835.0,1211.0,11.26,1135.2724,78022049.5625,78022049.5625,23124.0
1457740800.0,111755.0,1385.0,13.26,1189.2959,78048419.71875,78048419.71875,27887.0
1457827200.0,113690.0,1392.0,14.99,1270.7701,78075670.1875,78075670.1875,28127.0
1457913600.0,115840.0,1501.0,12.49,1231.9938,78102078.15625,78102078.15625,28528.0
1458000000.0,117680.0,1318.0,13.08,1259.5857,78133301.75,78133301.75,29273.0
1458086400.0,119290.0,1316.0,12.91,1285.0031,78164791.90625,78164791.90625,27596.0
1458172800.0,120974.0,1421.0,11.04,1325.0584,78196816.4375,78196816.4375,33531.0
1458259200.0,122851.0,1403.0,10.72,1327.059,78228103.625,78228103.625,31821.0
1458345600.0,124108.0,1494.0,10.45,1376.7015,78260182.0625,78260182.0625,34779.0
1458432000.0,125636.0,1446.0,10.07,1413.2109,78291777.21875,78291777.21875,32447.0
1458518400.0,127167.0,1498.0,11.97,1392.9337,78323160.1875,78323160.1875,32511.0
1458604800.0,128345.0,1514.0,11.02,1431.5834,78354872.0625,78354872.0625,32890.0
1458691200.0,129689.0,1529.0,12.31,1354.125,78386166.125,78386166.125,31786.0
1458777600.0,130970.0,1862.0,11.15,1465.4863,78418237.21875,78418237.21875,36947.0
1458864000.0,132066.0,1621.0,10.68,1533.2559,78450127.0625,78450127.0625,36762.0
1458950400.0,133107.0,1538.0,10.99,1580.9776,78482062.375,78482062.375,36646.0
1459036800.0,134131.0,1261.0,10.45,1607.1295,78513693.15625,78513693.15625,29974.0
1459123200.0,135514.0,1568.0,11.6,1572.977,78544999.71875,78544999.71875,33613.0
1459209600.0,137297.0,1389.0,11.69,1640.0171,78576437.53125,78576437.53125,33915.0
1459296000.0,139755.0,1572.0,11.88,1661.3373,78608138.0,78608138.0,36767.0
1459382400.0,141814.0,1405.0,11.41,1740.8734,78639526.90625,78639526.90625,32259.0
1459468800.0,142900.0,1493.0,11.64,1752.2564,78671411.59375,78671411.59375,33320.0
1459555200.0,144015.0,1235.0,11.61,1690.6343,78702492.84375,78702492.84375,29358.0
1459641600.0,144966.0,1245.0,11.65,1772.864,78734222.53125,78734222.53125,29588.0
1459728000.0,146172.0,1502.0,11.12,1851.6657,78766175.65625,78766175.65625,34907.0
1459814400.0,147380.0,1528.0,10.43,1865.48,78797750.5,78797750.5,39173.0
1459900800.0,148499.0,1337.0,10.78,1844.567,78829013.15625,78829013.15625,32078.0
1459987200.0,149643.0,1404.0,10.13,1769.2094,78860180.5,78860180.5,31893.0
1460073600.0,150453.0,1541.0,9.82,1920.6299,78892094.875,78892094.875,34010.0
1460160000.0,151383.0,1318.0,9.15,1931.9635,78923008.46875,78923008.46875,31923.0
1460246400.0,152608.0,1281.0,8.77,1988.8526,78954790.1875,78954790.1875,32237.0
1460332800.0,153660.0,1262.0,8.71,1941.1691,78985756.75,78985756.75,30327.0
1460419200.0,154885.0,1451.0,7.48,1905.1962,79017139.5625,79017139.5625,34673.0
1460505600.0,156088.0,1477.0,8.07,1982.2295,79048625.65625,79048625.65625,36051.0
1460592000.0,157073.0,1406.0,8.48,2010.6356,79080026.75,79080026.75,34781.0
1460678400.0,157904.0,1412.0,8.26,2060.9441,79111760.1875,79111760.1875,34959.0
1460764800.0,158682.0,1215.0,8.55,2114.0102,79143291.4375,79143291.4375,30483.0
1460851200.0,159556.0,1917.0,9.45,2049.9112,79174794.5625,79174794.5625,40203.0
1460937600.0,160474.0,1351.0,8.87,2171.2487,79206654.09375,79206654.09375,33513.0
1461024000.0,161308.0,1317.0,8.87,2175.4428,79237980.65625,79237980.65625,32622.0
1461110400.0,162317.0,1359.0,8.58,2203.5227,79269812.0625,79269812.0625,32944.0
1461196800.0,164290.0,1504.0,8.13,2236.3551,79301185.96875,79301185.96875,37181.0
1461283200.0,165351.0,1291.0,7.88,2164.6218,79332762.6875,79332762.6875,31678.0
1461369600.0,166350.0,1270.0,8.34,2253.0424,79364456.28125,79364456.28125,31845.0
1461456000.0,167428.0,1433.0,8.03,2222.16,79395951.28125,79395951.28125,34046.0
1461542400.0,168546.0,1399.0,7.52,2334.1663,79428088.3125,79428088.3125,35430.0
1461628800.0,169724.0,1344.0,7.49,2275.5506,79459376.125,79459376.125,32582.0
1461715200.0,170969.0,1314.0,7.78,2274.0961,79491251.125,79491251.125,33847.0
1461801600.0,172060.0,1408.0,7.32,2332.609,79522933.625,79522933.625,34343.0
1461888000.0,173151.0,1423.0,7.51,2381.196,79554617.21875,79554617.21875,37332.0
1461974400.0,179195.0,1588.0,8.87,2464.3749,79586508.9375,79586508.9375,45769.0
1462060800.0,181732.0,1681.0,8.76,2483.9739,79617521.75,79617521.75,39578.0
1462147200.0,185706.0,1480.0,10.02,2366.3607,79649433.3125,79649433.3125,41748.0
1462233600.0,187283.0,1446.0,9.39,2514.4874,79681224.5625,79681224.5625,37821.0
1462320000.0,188964.0,1498.0,9.4,2466.9919,79712683.3125,79712683.3125,37484.0
1462406400.0,190554.0,1486.0,9.78,2469.4398,79744463.3125,79744463.3125,38707.0
1462492800.0,191961.0,1625.0,9.29,2487.3635,79776200.96875,79776200.96875,41271.0
1462579200.0,193317.0,1375.0,9.32,2479.4817,79807774.09375,79807774.09375,35864.0
1462665600.0,194961.0,1530.0,9.47,2524.4188,79839623.3125,79839623.3125,40063.0
1462752000.0,196739.0,1460.0,9.29,2527.5545,79871424.71875,79871424.71875,38560.0
1462838400.0,198321.0,1481.0,9.36,2611.3974,79903125.65625,79903125.65625,40684.0
1462924800.0,200962.0,1559.0,9.91,2494.9291,79934378.78125,79934378.78125,40811.0
1463011200.0,204086.0,1679.0,10.04,2570.3669,79966635.8125,79966635.8125,45002.0
1463097600.0,206863.0,1674.0,10.52,2740.3505,79998832.53125,79998832.53125,47737.0
1463184000.0,209138.0,1683.0,10.16,2678.8075,80030500.34375,80030500.34375,45745.0
1463270400.0,211568.0,1540.0,9.95,2703.4159,80062308.9375,80062308.9375,43073.0
1463356800.0,213318.0,1491.0,11.12,2700.3155,80093820.5,80093820.5,37424.0
1463443200.0,215820.0,1515.0,12.18,2695.5977,80126012.6875,80126012.6875,40309.0
1463529600.0,220927.0,1689.0,13.21,2776.5532,80158417.0625,80158417.0625,46033.0
1463616000.0,224845.0,1576.0,14.56,2874.0021,80190320.65625,80190320.65625,44523.0
1463702400.0,230158.0,1677.0,13.74,2921.191,80222410.34375,80222410.34375,45177.0
1463788800.0,234753.0,1673.0,13.97,2953.0599,80254249.875,80254249.875,43621.0
1463875200.0,237169.0,1494.0,14.25,2939.4714,80286506.125,80286506.125,38895.0
1463961600.0,239919.0,1568.0,13.43,2945.5758,80318586.75,80318586.75,43806.0
1464048000.0,242437.0,1528.0,12.67,2979.1646,80350590.03125,80350590.03125,42911.0
1464134400.0,245842.0,1670.0,12.54,2991.9856,80382947.0625,80382947.0625,46443.0
1464220800.0,248713.0,1733.0,12.42,3081.46,80414991.4375,80414991.4375,51147.0
1464307200.0,252987.0,1727.0,11.09,3061.2168,80447313.15625,80447313.15625,49006.0
1464393600.0,265876.0,2436.0,11.71,3125.7879,80479631.75,80479631.75,70148.0
1464480000.0,269270.0,1675.0,12.36,3190.3497,80511604.09375,80511604.09375,45890.0
1464566400.0,271793.0,1543.0,12.61,3155.462,80543608.15625,80543608.15625,42927.0
1464652800.0,274614.0,1594.0,13.93,3143.7122,80575141.125,80575141.125,44386.0
1464739200.0,277124.0,1562.0,13.83,3063.31,80607285.34375,80607285.34375,42221.0
1464825600.0,279202.0,1453.0,13.79,3147.8944,80639467.53125,80639467.53125,39666.0
1464912000.0,281283.0,1429.0,13.82,3308.693,80671739.71875,80671739.71875,39834.0
1464998400.0,283172.0,1409.0,13.74,3298.56,80703881.28125,80703881.28125,37875.0
1465084800.0,285007.0,1396.0,13.9,3255.0754,80735464.40625,80735464.40625,37896.0
1465171200.0,287195.0,1426.0,13.99,3351.4061,80767836.28125,80767836.28125,38957.0
1465257600.0,293517.0,1693.0,14.46,3360.3335,80799782.21875,80799782.21875,46141.0
1465344000.0,295834.0,1437.0,14.46,3370.3852,80832085.1875,80832085.1875,40433.0
1465430400.0,298208.0,1477.0,14.46,3545.2821,80864311.125,80864311.125,39854.0
1465516800.0,300769.0,1437.0,13.97,3343.8621,80895475.34375,80895475.34375,40145.0
1465603200.0,303280.0,1382.0,14.09,3473.5992,80927850.8125,80927850.8125,36901.0
1465689600.0,306177.0,1463.0,15.65,3454.4361,80960067.6875,80960067.6875,42581.0
1465776000.0,311130.0,1599.0,17.6,3595.9303,80992291.90625,80992291.90625,46185.0
1465862400.0,315391.0,1713.0,18.68,3640.3548,81024437.375,81024437.375,50335.0
1465948800.0,318367.0,1523.0,18.36,3635.0092,81056304.40625,81056304.40625,43251.0
1466035200.0,323909.0,1604.0,20.75,3607.392,81088182.0625,81088182.0625,43392.0
1466121600.0,337984.0,2138.0,15.39,3500.2236,81121598.46875,81121598.46875,66558.0
1466208000.0,352687.0,2044.0,11.41,3366.6746,81155985.65625,81155985.65625,63083.0
1466294400.0,359236.0,1624.0,12.34,3728.4821,81189181.125,81189181.125,51035.0
1466380800.0,364968.0,1709.0,11.8,3698.1504,81220895.96875,81220895.96875,47118.0
1466467200.0,369392.0,1629.0,12.81,3631.418,81252884.40625,81252884.40625,47323.0
1466553600.0,375128.0,1614.0,13.13,3789.5576,81285555.03125,81285555.03125,48615.0
1466640000.0,378661.0,1513.0,13.65,3855.5441,81317403.15625,81317403.15625,41908.0
1466726400.0,382466.0,1638.0,14.25,3872.1134,81349575.03125,81349575.03125,45331.0
1466812800.0,384815.0,1415.0,14.3,3858.2335,81381260.96875,81381260.96875,36684.0
1466899200.0,387234.0,1453.0,13.74,3953.8207,81413575.65625,81413575.65625,41613.0
1466985600.0,389903.0,1410.0,13.95,4028.7283,81445670.5,81445670.5,39663.0
1467072000.0,393251.0,1482.0,12.04,4098.3325,81477831.90625,81477831.90625,43089.0
1467158400.0,396171.0,1792.0,12.89,3987.5764,81509701.90625,81509701.90625,49897.0
1467244800.0,398289.0,2367.0,12.44,3985.283,81541688.0,81541688.0,63952.0
1467331200.0,401254.0,1380.0,12.29,4079.6463,81574306.28125,81574306.28125,40085.0
1467417600.0,403829.0,1382.0,12.08,4128.3988,81606222.84375,81606222.84375,39257.0
1467504000.0,407099.0,1404.0,11.87,4218.2585,81638262.53125,81638262.53125,39757.0
1467590400.0,409961.0,1415.0,11.38,4220.1757,81670403.46875,81670403.46875,39950.0
1467676800.0,413875.0,1470.0,10.36,4207.4557,81701981.28125,81701981.28125,39270.0
1467763200.0,416917.0,1409.0,10.5,4197.2067,81734336.125,81734336.125,37900.0
1467849600.0,420028.0,1414.0,10.03,4204.9805,81766232.0625,81766232.0625,40433.0
1467936000.0,423126.0,1581.0,11.23,4178.4236,81798181.59375,81798181.59375,42506.0
1468022400.0,427153.0,1417.0,10.91,4178.8499,81830979.71875,81830979.71875,40410.0
1468108800.0,430282.0,1407.0,10.93,4246.1162,81862945.1875,81862945.1875,39358.0
1468195200.0,432814.0,1421.0,10.55,4316.679,81894930.5,81894930.5,38582.0
1468281600.0,436469.0,1567.0,10.54,4341.3838,81926691.59375,81926691.59375,40811.0
1468368000.0,439291.0,1357.0,10.46,4376.3964,81958850.1875,81958850.1875,35740.0
1468454400.0,442427.0,1536.0,11.51,4336.1406,81990660.96875,81990660.96875,42809.0
1468540800.0,445925.0,1457.0,11.98,4244.7849,82022545.65625,82022545.65625,41110.0
1468627200.0,448149.0,1349.0,11.67,4308.5953,82054716.125,82054716.125,38062.0
1468713600.0,449627.0,1264.0,11.24,4336.7179,82086493.46875,82086493.46875,33914.0
1468800000.0,452120.0,1397.0,11.03,4437.5176,82118991.59375,82118991.59375,39198.0
1468886400.0,455066.0,1502.0,11.71,4369.9745,82150765.5,82150765.5,44184.0
1468972800.0,459828.0,1718.0,12.52,4277.1166,82182680.34375,82182680.34375,50631.0
1469059200.0,463245.0,1522.0,12.6,4437.1791,82215464.09375,82215464.09375,44882.0
1469145600.0,467682.0,1641.0,14.79,4291.8557,82247154.71875,82247154.71875,48458.0
1469232000.0,471467.0,1496.0,14.31,4449.4236,82279549.71875,82279549.71875,45006.0
1469318400.0,475286.0,1797.0,12.66,4372.8166,82311025.96875,82311025.96875,58215.0
1469404800.0,479819.0,1737.0,13.78,4225.539,82343017.53125,82343017.53125,54856.0
1469491200.0,485119.0,1946.0,12.09,4064.894,82373795.03125,82373795.03125,61930.0
1469577600.0,490249.0,1706.0,13.07,3791.4432,82406732.84375,82406732.84375,53035.0
1469664000.0,493294.0,1610.0,12.86,3974.6171,82439087.0625,82439087.0625,48555.0
1469750400.0,496589.0,1598.0,12.87,3869.0261,82471026.4375,82471026.4375,47243.0
1469836800.0,498814.0,1460.0,12.52,3833.054,82502668.15625,82502668.15625,42011.0
1469923200.0,501305.0,1585.0,11.89,3859.1788,82534887.6875,82534887.6875,48749.0
1470009600.0,503754.0,1561.0,11.08,3811.4589,82566482.0625,82566482.0625,45978.0
1470096000.0,507459.0,1687.0,8.3,3509.0712,82597837.21875,82597837.21875,49041.0
1470182400.0,510443.0,1665.0,10.38,3425.8341,82629544.875,82629544.875,49475.0
1470268800.0,513258.0,1617.0,11.21,3713.5399,82662397.6875,82662397.6875,46761.0
1470355200.0,515463.0,1527.0,11.04,3788.6608,82694629.71875,82694629.71875,43212.0
1470441600.0,517347.0,1465.0,10.94,3712.8702,82726219.5625,82726219.5625,41487.0
1470528000.0,519108.0,1473.0,10.99,3823.9977,82758510.65625,82758510.65625,42955.0
1470614400.0,521038.0,1504.0,11.29,3890.3127,82790686.59375,82790686.59375,42984.0
1470700800.0,523950.0,1592.0,12.25,4080.0038,82823353.0,82823353.0,47057.0
1470787200.0,526538.0,1607.0,12.19,4188.2693,82855515.96875,82855515.96875,46290.0
1470873600.0,529018.0,1621.0,11.66,4270.9885,82887720.8125,82887720.8125,48171.0
1470960000.0,531192.0,1559.0,11.74,4237.0475,82919824.09375,82919824.09375,44400.0
1471046400.0,532827.0,1431.0,11.56,4228.4036,82951823.0,82951823.0,41088.0
1471132800.0,534412.0,1406.0,11.18,4225.0655,82983791.90625,82983791.90625,40577.0
1471219200.0,536080.0,1467.0,11.15,4251.9922,83016120.8125,83016120.8125,42302.0
1471305600.0,537798.0,1621.0,11.14,4385.5314,83048158.0,83048158.0,48949.0
1471392000.0,539428.0,1532.0,10.75,4329.829,83080152.53125,83080152.53125,44867.0
1471478400.0,541085.0,1663.0,10.73,4368.166,83112941.59375,83112941.59375,47799.0
1471564800.0,542717.0,1491.0,10.71,4409.826,83144783.0,83144783.0,42948.0
1471651200.0,544620.0,1453.0,11.27,4516.0321,83177018.625,83177018.625,41318.0
1471737600.0,546514.0,1480.0,11.14,4513.7179,83209710.96875,83209710.96875,42543.0
1471824000.0,548109.0,1526.0,11.09,4601.7622,83242003.78125,83242003.78125,44250.0
1471910400.0,550573.0,2023.0,11.0,4631.2453,83274187.6875,83274187.6875,48430.0
1471996800.0,552384.0,1590.0,11.0,4650.6361,83306461.125,83306461.125,46821.0
1472083200.0,554545.0,1663.0,11.36,4815.0103,83338596.75,83338596.75,49868.0
1472169600.0,556489.0,1610.0,11.26,4932.0395,83370468.15625,83370468.15625,47292.0
1472256000.0,557883.0,1586.0,11.19,4919.3846,83402774.5625,83402774.5625,47938.0
1472342400.0,559482.0,1451.0,10.97,4865.2902,83434802.53125,83434802.53125,42607.0
1472428800.0,561294.0,1572.0,10.95,4814.9702,83466728.9375,83466728.9375,45510.0
1472515200.0,563151.0,1616.0,11.23,4812.1623,83498603.78125,83498603.78125,46979.0
1472601600.0,565136.0,1538.0,11.59,4912.9748,83530738.3125,83530738.3125,45846.0
1472688000.0,567294.0,1583.0,12.21,4966.2194,83562483.0,83562483.0,47491.0
1472774400.0,569263.0,1850.0,12.09,5019.0583,83594867.0625,83594867.0625,55413.0
1472860800.0,571037.0,1513.0,11.91,4789.3796,83626363.0,83626363.0,44792.0
1472947200.0,572702.0,1719.0,11.72,4635.7113,83658227.0625,83658227.0625,48128.0
1473033600.0,574371.0,1512.0,11.8,4827.2541,83690416.75,83690416.75,42667.0
1473120000.0,576228.0,1722.0,11.72,4792.9349,83722098.15625,83722098.15625,49102.0
1473206400.0,577984.0,1692.0,11.6,4926.6069,83754365.96875,83754365.96875,48701.0
1473292800.0,579977.0,1900.0,11.41,4824.1998,83786274.5625,83786274.5625,55970.0
1473379200.0,582016.0,1853.0,11.7,4852.4709,83818491.4375,83818491.4375,53918.0
1473465600.0,583909.0,1508.0,12.08,4908.3645,83850322.0625,83850322.0625,42875.0
1473552000.0,585641.0,1460.0,11.65,5077.4945,83882675.03125,83882675.03125,43345.0
1473638400.0,588032.0,1585.0,11.93,5053.5361,83914912.0625,83914912.0625,45123.0
1473724800.0,589982.0,1497.0,11.98,5041.1066,83946816.90625,83946816.90625,42591.0
1473811200.0,591822.0,1758.0,11.93,5182.9774,83979345.65625,83979345.65625,53859.0
1473897600.0,593560.0,1743.0,11.99,5178.7626,84011528.46875,84011528.46875,52622.0
1473984000.0,595415.0,2020.0,12.64,5166.6579,84043767.53125,84043767.53125,57532.0
1474070400.0,597259.0,1588.0,12.82,5341.3299,84075922.53125,84075922.53125,46882.0
1474156800.0,598924.0,1433.0,12.33,4904.1278,84105496.4375,84105496.4375,37893.0
1474243200.0,599907.0,1341.0,12.92,4750.378,84139773.3125,84139773.3125,40505.0
1474329600.0,602298.0,1689.0,14.62,5422.6074,84172265.8125,84172265.8125,54067.0
1474416000.0,605237.0,1598.0,13.73,5525.5828,84204349.5625,84204349.5625,44549.0
1474502400.0,606968.0,1876.0,13.13,5071.3503,84235955.1875,84235955.1875,52657.0
1474588800.0,608507.0,1280.0,13.35,5305.6755,84270235.1875,84270235.1875,35219.0
1474675200.0,610118.0,1526.0,12.9,5103.0049,84303560.03125,84303560.03125,43418.0
1474761600.0,612211.0,1387.0,13.05,5555.4792,84337950.5,84337950.5,38713.0
1474848000.0,613935.0,1545.0,12.93,5200.9835,84370081.28125,84370081.28125,43514.0
1474934400.0,615620.0,1661.0,13.08,5120.341,84405365.65625,84405365.65625,46817.0
1475020800.0,617448.0,1561.0,13.3,5846.2348,84437769.09375,84437769.09375,42797.0
1475107200.0,620099.0,1442.0,13.14,6022.4118,84470082.53125,84470082.53125,40416.0
1475193600.0,622544.0,1437.0,13.26,5880.2036,84501705.8125,84501705.8125,35836.0
1475280000.0,624508.0,1810.0,13.23,5152.6442,84536184.40625,84536184.40625,53076.0
1475366400.0,627061.0,1687.0,13.22,5483.6261,84571945.1875,84571945.1875,51105.0
1475452800.0,629658.0,1719.0,13.45,5953.6984,84605219.71875,84605219.71875,47672.0
1475539200.0,653826.0,2192.0,13.31,6202.7305,84637271.125,84637271.125,56662.0
1475625600.0,656302.0,1802.0,13.09,5577.4987,84670352.6875,84670352.6875,41719.0
1475712000.0,659011.0,1938.0,12.86,5922.4732,84703194.5625,84703194.5625,36826.0
1475798400.0,661379.0,4119.0,12.68,4970.4163,84739746.4375,84739746.4375,43708.0
1475884800.0,664537.0,5429.0,12.25,5604.5061,84775841.125,84775841.125,37690.0
1475971200.0,667329.0,5683.0,12.05,6061.2059,84809266.75,84809266.75,43940.0
1476057600.0,686320.0,12725.0,11.74,6191.8909,84842397.6875,84842397.6875,44940.0
1476144000.0,692167.0,2762.0,11.76,6396.5054,84874877.21875,84874877.21875,41053.0
1476230400.0,700440.0,1248.0,11.74,5894.3176,84907969.875,84907969.875,30002.0
1476316800.0,716073.0,1306.0,12.03,5992.5502,84942796.125,84942796.125,32244.0
1476403200.0,728429.0,1400.0,11.9,6610.6347,84975709.875,84975709.875,42006.0
1476489600.0,731881.0,1236.0,11.97,6775.8615,85007917.0625,85007917.0625,33662.0
1476576000.0,736985.0,1297.0,11.94,6765.6017,85040847.375,85040847.375,34990.0
1476662400.0,741716.0,1377.0,11.98,6470.6153,85073225.1875,85073225.1875,38136.0
1476748800.0,746368.0,1747.0,12.52,6728.4087,85106545.5,85106545.5,51898.0
1476835200.0,747915.0,1638.0,11.98,6385.8647,85139695.1875,85139695.1875,38497.0
1476921600.0,749504.0,1466.0,12.06,6900.1594,85174224.25,85174224.25,43438.0
1477008000.0,751013.0,1724.0,12.07,7307.962,85206351.125,85206351.125,57780.0
1477094400.0,752751.0,1357.0,12.1,7382.1642,85238053.78125,85238053.78125,37772.0
1477180800.0,754105.0,1292.0,11.98,7219.1314,85269385.65625,85269385.65625,35364.0
1477267200.0,755748.0,1791.0,11.94,7277.3711,85301447.53125,85301447.53125,52547.0
1477353600.0,758849.0,1675.0,11.37,7459.7244,85333112.0625,85333112.0625,47610.0
1477440000.0,760844.0,1550.0,11.5,7503.7485,85365068.9375,85365068.9375,45158.0
1477526400.0,762714.0,1518.0,11.47,7438.5065,85396513.9375,85396513.9375,44353.0
1477612800.0,765038.0,1472.0,11.11,7120.6124,85427593.0,85427593.0,41522.0
1477699200.0,766865.0,1461.0,10.38,5695.7524,85457222.53125,85457222.53125,40011.0
1477785600.0,768687.0,1422.0,11.24,5454.259,85489183.0,85489183.0,39435.0
1477872000.0,770540.0,1536.0,10.93,5869.6806,85521204.25,85521204.25,45031.0
1477958400.0,772838.0,1689.0,10.77,5051.2126,85551702.6875,85551702.6875,49025.0
1478044800.0,777832.0,1497.0,10.83,4531.1125,85582844.71875,85582844.71875,43519.0
1478131200.0,779820.0,1471.0,10.86,4313.7141,85614060.65625,85614060.65625,42346.0
1478217600.0,781449.0,1262.0,11.15,3971.1034,85644984.25,85644984.25,32572.0
1478304000.0,782988.0,1358.0,11.13,3751.7897,85676408.78125,85676408.78125,37690.0
1478390400.0,784678.0,1289.0,10.96,3688.7432,85708208.9375,85708208.9375,34391.0
1478476800.0,786489.0,1399.0,10.9,4362.9653,85741468.0,85741468.0,41941.0
1478563200.0,788550.0,1476.0,10.87,4893.0046,85773795.1875,85773795.1875,41569.0
1478649600.0,791024.0,1484.0,10.66,4786.721,85804797.53125,85804797.53125,40517.0
1478736000.0,793001.0,1492.0,10.52,4399.0135,85836008.3125,85836008.3125,40164.0
1478822400.0,795241.0,1462.0,10.29,4285.9637,85867347.6875,85867347.6875,41070.0
1478908800.0,797064.0,1426.0,9.98,4355.3253,85899297.6875,85899297.6875,40882.0
1478995200.0,799460.0,1468.0,10.12,4718.0689,85931721.90625,85931721.90625,43673.0
1479081600.0,801315.0,1576.0,10.0,4872.7435,85963606.125,85963606.125,43876.0
1479168000.0,803432.0,1577.0,10.23,4926.4165,85995043.15625,85995043.15625,45330.0
1479254400.0,805304.0,1481.0,10.01,4858.6238,86026624.5625,86026624.5625,41684.0
1479340800.0,807112.0,1476.0,9.96,4660.1084,86057433.15625,86057433.15625,40738.0
1479427200.0,809162.0,1514.0,9.53,4933.6367,86090533.9375,86090533.9375,43785.0
1479513600.0,810733.0,1375.0,9.68,5252.2465,86122865.03125,86122865.03125,39289.0
1479600000.0,812403.0,1473.0,9.58,5747.4276,86155325.1875,86155325.1875,42125.0
1479686400.0,814569.0,1537.0,9.56,6067.3139,86187136.75,86187136.75,42735.0
1479772800.0,816176.0,1708.0,9.83,5664.3154,86218314.25,86218314.25,53585.0
1479859200.0,817840.0,1950.0,9.75,5299.0298,86250939.875,86250939.875,64289.0
1479945600.0,819485.0,1424.0,9.2,5416.4349,86283337.53125,86283337.53125,36861.0
1480032000.0,840006.0,1767.0,9.41,5623.5357,86316772.375,86316772.375,58075.0
1480118400.0,843172.0,1501.0,9.32,5881.8116,86349268.3125,86349268.3125,40804.0
1480204800.0,845997.0,1703.0,8.87,5584.128,86382979.40625,86382979.40625,44449.0
1480291200.0,847709.0,1731.0,8.68,5765.2583,86416919.25,86416919.25,48388.0
1480377600.0,849474.0,1692.0,8.18,5881.2257,86449890.34375,86449890.34375,47036.0
1480464000.0,851332.0,2209.0,8.6,5904.5764,86481730.34375,86481730.34375,39178.0
1480550400.0,852988.0,1407.0,8.46,5991.9926,86513478.625,86513478.625,37121.0
1480636800.0,856233.0,1462.0,7.71,6073.4179,86545275.03125,86545275.03125,41642.0
1480723200.0,862630.0,1404.0,7.89,6099.6118,86577391.4375,86577391.4375,41357.0
1480809600.0,868190.0,1403.0,7.54,5331.2802,86608563.9375,86608563.9375,39643.0
1480896000.0,874903.0,1491.0,6.67,5198.7468,86639798.625,86639798.625,41613.0
1480982400.0,877485.0,1615.0,7.71,5148.711,86671774.25,86671774.25,48200.0
1481068800.0,879373.0,1523.0,8.35,5264.3617,86703484.875,86703484.875,41757.0
1481155200.0,881066.0,1416.0,8.3,5523.1193,86735578.9375,86735578.9375,39587.0
1481241600.0,882875.0,1502.0,8.5,5658.9104,86767239.5625,86767239.5625,41444.0
1481328000.0,886258.0,1428.0,8.09,5798.285,86798915.96875,86798915.96875,40564.0
1481414400.0,888937.0,1681.0,8.2,5946.0499,86830698.0,86830698.0,39164.0
1481500800.0,890669.0,1477.0,8.45,5719.9028,86862037.375,86862037.375,38741.0
1481587200.0,892266.0,1538.0,8.41,5874.665,86893847.375,86893847.375,44664.0
1481673600.0,895504.0,1835.0,8.22,5861.5044,86925697.84375,86925697.84375,47294.0
1481760000.0,899270.0,1582.0,7.77,5827.1006,86957065.65625,86957065.65625,46102.0
1481846400.0,901155.0,1506.0,7.87,6031.5534,86988822.0625,86988822.0625,43953.0
1481932800.0,904251.0,1418.0,7.67,6102.0636,87020784.40625,87020784.40625,39442.0
1482019200.0,906316.0,1345.0,7.88,6284.0681,87052676.90625,87052676.90625,36640.0
1482105600.0,908427.0,1616.0,7.61,6324.846,87084147.375,87084147.375,45599.0
1482192000.0,910765.0,1536.0,7.59,6478.8654,87115816.28125,87115816.28125,44241.0
1482278400.0,912667.0,1769.0,7.87,6449.9952,87147409.25,87147409.25,50793.0
1482364800.0,921440.0,1762.0,7.65,6219.3619,87178483.3125,87178483.3125,55173.0
1482451200.0,925590.0,1522.0,7.15,5797.7449,87209600.65625,87209600.65625,44391.0
1482537600.0,927358.0,1361.0,7.23,5435.8074,87240927.53125,87240927.53125,37757.0
1482624000.0,928670.0,1317.0,7.19,5672.4506,87272935.96875,87272935.96875,36601.0
1482710400.0,930087.0,1294.0,7.24,5906.7133,87304580.65625,87304580.65625,34565.0
1482796800.0,931796.0,1558.0,7.15,5725.5243,87335807.21875,87335807.21875,42370.0
1482883200.0,933815.0,1531.0,7.63,5703.598,87367378.625,87367378.625,43386.0
1482969600.0,936427.0,1678.0,8.24,5621.4968,87399197.375,87399197.375,46546.0
1483056000.0,938850.0,1623.0,8.17,5670.0348,87430878.9375,87430878.9375,44561.0
1483142400.0,941811.0,1544.0,8.04,5739.8584,87462107.0625,87462107.0625,41220.0
1483228800.0,943417.0,1390.0,8.15,5746.3882,87493855.34375,87493855.34375,38730.0
1483315200.0,945665.0,1458.0,8.33,5772.7032,87525386.125,87525386.125,39652.0
1483401600.0,948326.0,1627.0,9.68,5701.1528,87556909.40625,87556909.40625,45883.0
1483488000.0,951853.0,1717.0,10.91,6330.766,87589008.9375,87589008.9375,50673.0
1483574400.0,955172.0,1676.0,10.19,6451.8286,87620825.96875,87620825.96875,49596.0
1483660800.0,958484.0,1593.0,10.07,6519.8016,87652185.5,87652185.5,43804.0
1483747200.0,961114.0,1570.0,9.8,6730.0143,87684080.5,87684080.5,43622.0
1483833600.0,963314.0,1557.0,10.29,6777.3147,87715764.875,87715764.875,42727.0
1483920000.0,965736.0,1595.0,10.23,7001.3724,87747515.1875,87747515.1875,46188.0
1484006400.0,968054.0,1686.0,10.56,6997.2239,87778864.5625,87778864.5625,48179.0
1484092800.0,970329.0,1591.0,9.81,7054.4628,87810387.53125,87810387.53125,45221.0
1484179200.0,973959.0,1697.0,9.8,7142.7291,87841944.25,87841944.25,50589.0
1484265600.0,977582.0,1729.0,9.76,7277.2919,87873674.5625,87873674.5625,50833.0
1484352000.0,981025.0,1499.0,9.77,7334.4015,87905152.6875,87905152.6875,42044.0
1484438400.0,983455.0,1498.0,9.85,7443.4979,87936854.71875,87936854.71875,41748.0
1484524800.0,985864.0,1575.0,9.59,7416.8136,87968395.03125,87968395.03125,45375.0
1484611200.0,988571.0,1642.0,10.15,7325.2279,87999691.125,87999691.125,46671.0
1484697600.0,991171.0,1583.0,10.19,7318.3297,88031299.09375,88031299.09375,44994.0
1484784000.0,993689.0,1552.0,10.41,7751.0819,88063420.1875,88063420.1875,43628.0
1484870400.0,996812.0,1609.0,10.59,7527.1882,88094541.28125,88094541.28125,45775.0
1484956800.0,999192.0,1504.0,10.93,7733.7168,88126065.03125,88126065.03125,43302.0
1485043200.0,1001830.0,1616.0,10.69,7754.1077,88157642.84375,88157642.84375,47432.0
1485129600.0,1004532.0,1612.0,10.77,7918.1929,88189141.28125,88189141.28125,46076.0
1485216000.0,1006944.0,1754.0,10.51,7831.2888,88220561.75,88220561.75,50414.0
1485302400.0,1009369.0,1644.0,10.5,7811.0208,88251985.34375,88251985.34375,46256.0
1485388800.0,1012519.0,1673.0,10.65,7995.4413,88283770.03125,88283770.03125,46856.0
1485475200.0,1014907.0,1658.0,10.5,7965.2252,88314884.875,88314884.875,46680.0
1485561600.0,1017588.0,1628.0,10.53,7948.4087,88346412.84375,88346412.84375,45189.0
1485648000.0,1019716.0,1523.0,10.47,7806.189,88377545.96875,88377545.96875,42509.0
1485734400.0,1022347.0,1579.0,10.55,8008.7446,88409461.28125,88409461.28125,45369.0
1485820800.0,1024108.0,1539.0,10.7,8035.4474,88440875.1875,88440875.1875,43649.0
1485907200.0,1026094.0,1607.0,10.71,7882.049,88472207.375,88472207.375,44541.0
1485993600.0,1028070.0,1578.0,10.79,8117.6108,88503622.21875,88503622.21875,43709.0
1486080000.0,1029880.0,1568.0,10.94,7901.9704,88534895.5,88534895.5,42778.0
1486166400.0,1032097.0,1560.0,11.32,8085.6263,88566656.28125,88566656.28125,45410.0
1486252800.0,1033882.0,1614.0,11.21,8480.8345,88598257.84375,88598257.84375,46542.0
1486339200.0,1035599.0,1606.0,11.32,8517.039,88629881.4375,88629881.4375,47306.0
1486425600.0,1037811.0,1827.0,11.44,8437.3906,88661372.84375,88661372.84375,51866.0
1486512000.0,1040358.0,1764.0,11.39,8613.5409,88693080.8125,88693080.8125,51089.0
1486598400.0,1042268.0,1630.0,10.93,8630.2683,88724508.0,88724508.0,47873.0
1486684800.0,1044332.0,1735.0,11.32,8851.2981,88756004.40625,88756004.40625,52222.0
1486771200.0,1046267.0,1594.0,11.41,8899.597,88787594.25,88787594.25,46560.0
1486857600.0,1048901.0,1571.0,11.4,9024.3553,88819163.9375,88819163.9375,45319.0
1486944000.0,1051104.0,1823.0,11.39,9091.8695,88850898.0,88850898.0,55990.0
1487030400.0,1053923.0,1914.0,12.99,9220.0798,88882368.9375,88882368.9375,58298.0
1487116800.0,1056702.0,1818.0,12.96,9298.392,88914090.34375,88914090.34375,55320.0
1487203200.0,1058825.0,1661.0,12.95,9286.9502,88945630.1875,88945630.1875,49674.0
1487289600.0,1060926.0,1661.0,12.73,9441.935,88976958.0,88976958.0,49406.0
1487376000.0,1063883.0,1773.0,12.83,9563.2843,89008169.71875,89008169.71875,49398.0
1487462400.0,1065920.0,1635.0,12.83,9739.2103,89039436.90625,89039436.90625,48227.0
1487548800.0,1068400.0,1696.0,12.49,9701.1651,89070824.71875,89070824.71875,50152.0
1487635200.0,1071424.0,1989.0,12.79,10010.5654,89102241.59375,89102241.59375,58434.0
1487721600.0,1073757.0,1790.0,12.71,9878.51,89133228.9375,89133228.9375,50372.0
1487808000.0,1076071.0,1667.0,13.16,9956.9834,89164458.46875,89164458.46875,47601.0
1487894400.0,1078758.0,1778.0,13.13,9921.6984,89195722.0625,89195722.0625,54081.0
1487980800.0,1081093.0,1761.0,13.56,10123.88,89227275.96875,89227275.96875,53245.0
1488067200.0,1083604.0,1713.0,14.59,10602.6615,89259096.125,89259096.125,51716.0
1488153600.0,1086792.0,1819.0,15.53,10625.274,89290342.53125,89290342.53125,52642.0
1488240000.0,1091303.0,1935.0,15.88,11119.9788,89322198.625,89322198.625,60277.0
1488326400.0,1098329.0,2235.0,17.54,10718.1257,89353343.46875,89353343.46875,59774.0
1488412800.0,1104821.0,2209.0,19.06,10915.3639,89384974.40625,89384974.40625,70779.0
1488499200.0,1111646.0,2084.0,19.47,11419.5855,89416273.3125,89416273.3125,64294.0
1488585600.0,1115958.0,1860.0,18.57,11171.4309,89447445.96875,89447445.96875,58756.0
1488672000.0,1120047.0,1821.0,19.26,11701.7413,89479007.84375,89479007.84375,57031.0
1488758400.0,1124705.0,1808.0,19.67,11736.4413,89510160.96875,89510160.96875,57020.0
1488844800.0,1128534.0,1963.0,18.91,11651.4652,89541229.71875,89541229.71875,62589.0
1488931200.0,1132810.0,1800.0,16.53,12138.6545,89572555.65625,89572555.65625,55386.0
1489017600.0,1139420.0,2403.0,17.71,12105.6647,89603365.1875,89603365.1875,64266.0
1489104000.0,1145555.0,2190.0,19.18,12144.0613,89634392.21875,89634392.21875,65132.0
1489190400.0,1151496.0,2014.0,21.4,12381.3095,89665627.6875,89665627.6875,64803.0
1489276800.0,1158864.0,2043.0,23.27,12404.6584,89696477.21875,89696477.21875,66646.0
1489363200.0,1170758.0,2452.0,28.43,12817.8346,89728090.96875,89728090.96875,81718.0
1489449600.0,1180408.0,2433.0,28.63,12624.5995,89759305.8125,89759305.8125,77155.0
1489536000.0,1190919.0,2456.0,35.04,13008.71,89790683.46875,89790683.46875,81205.0
1489622400.0,1208579.0,3071.0,45.29,13093.3706,89822111.4375,89822111.4375,109950.0
1489708800.0,1224321.0,2880.0,44.54,13708.6332,89853953.3125,89853953.3125,106635.0
1489795200.0,1236276.0,2513.0,34.03,13956.1955,89885435.65625,89885435.65625,89920.0
1489881600.0,1244923.0,2396.0,43.16,13381.2912,89916430.1875,89916430.1875,84599.0
1489968000.0,1254137.0,2316.0,42.3,14240.8505,89948100.5,89948100.5,80264.0
1490054400.0,1264243.0,2507.0,42.59,14004.9233,89979116.90625,89979116.90625,84298.0
1490140800.0,1272509.0,2368.0,41.55,14303.7526,90010489.25,90010489.25,78821.0
1490227200.0,1280501.0,2513.0,43.18,14696.6462,90041470.1875,90041470.1875,82434.0
1490313600.0,1291931.0,2557.0,53.5,14717.153,90072311.125,90072311.125,87775.0
1490400000.0,1301464.0,2428.0,50.74,14850.0107,90103373.9375,90103373.9375,84394.0
1490486400.0,1308803.0,2375.0,50.51,15592.211,90134549.40625,90134549.40625,79534.0
1490572800.0,1320623.0,2896.0,49.0,16234.1177,90165551.59375,90165551.59375,94570.0
1490659200.0,1329617.0,2543.0,50.21,15956.633,90196107.0625,90196107.0625,84348.0
1490745600.0,1338529.0,2744.0,52.98,16444.6814,90227375.34375,90227375.34375,93064.0
1490832000.0,1352837.0,2853.0,51.77,16508.1931,90258195.1875,90258195.1875,96209.0
1490918400.0,1367188.0,2949.0,49.86,16923.4135,90289403.46875,90289403.46875,103102.0
1491004800.0,1374894.0,2403.0,50.56,16684.6609,90320254.40625,90320254.40625,80572.0
1491091200.0,1385185.0,2669.0,48.53,16718.5386,90350695.1875,90350695.1875,88948.0
1491177600.0,1398126.0,2788.0,44.16,15983.0117,90381881.4375,90381881.4375,100221.0
1491264000.0,1408346.0,2518.0,44.44,16872.131,90412936.75,90412936.75,86279.0
1491350400.0,1418641.0,2558.0,45.1,17294.066,90444172.0625,90444172.0625,87411.0
1491436800.0,1432417.0,2799.0,43.22,17238.063,90474896.4375,90474896.4375,95177.0
1491523200.0,1440597.0,2776.0,42.3,17541.6491,90505970.96875,90505970.96875,92846.0
1491609600.0,1447313.0,2249.0,44.45,17605.5606,90536886.59375,90536886.59375,72144.0
1491696000.0,1453300.0,2358.0,43.87,17278.0448,90567128.625,90567128.625,74557.0
1491782400.0,1460327.0,2460.0,43.92,17285.4863,90597165.8125,90597165.8125,75487.0
1491868800.0,1466464.0,2377.0,43.95,17900.816,90627616.28125,90627616.28125,75891.0
1491955200.0,1476683.0,2697.0,46.63,17672.1498,90657833.3125,90657833.3125,80347.0
1492041600.0,1485120.0,2589.0,50.26,17325.6847,90688173.15625,90688173.15625,84124.0
1492128000.0,1492214.0,2451.0,47.92,18877.3819,90719162.84375,90719162.84375,81155.0
1492214400.0,1498803.0,2348.0,49.34,18356.8933,90749160.96875,90749160.96875,74820.0
1492300800.0,1503386.0,2220.0,48.64,18623.6556,90779668.15625,90779668.15625,70634.0
1492387200.0,1509763.0,2309.0,48.65,18986.8175,90810315.65625,90810315.65625,72546.0
1492473600.0,1518090.0,2603.0,49.88,19532.6738,90840832.375,90840832.375,83303.0
1492560000.0,1526805.0,2664.0,47.88,19426.3047,90870444.5625,90870444.5625,85734.0
1492646400.0,1536829.0,2581.0,49.36,19598.4726,90900866.75,90900866.75,85450.0
1492732800.0,1548026.0,2691.0,48.26,20064.6867,90931344.09375,90931344.09375,81278.0
1492819200.0,1555797.0,2429.0,48.41,20304.9606,90961334.40625,90961334.40625,73539.0
1492905600.0,1562427.0,2393.0,48.79,20695.5064,90991825.65625,90991825.65625,77073.0
1492992000.0,1572073.0,2553.0,49.94,19854.8535,91021611.125,91021611.125,80531.0
1493078400.0,1580035.0,2803.0,50.11,20759.4397,91052368.9375,91052368.9375,93033.0
1493164800.0,1596565.0,2724.0,53.28,20518.0576,91081701.125,91081701.125,89642.0
1493251200.0,1612349.0,3095.0,63.1,20819.5764,91111031.125,91111031.125,104494.0
1493337600.0,1624667.0,3178.0,72.42,22094.2863,91140713.15625,91140713.15625,106193.0
1493424000.0,1635440.0,2793.0,69.85,22674.7072,91169930.8125,91169930.8125,91335.0
1493510400.0,1647543.0,3064.0,79.83,22071.893,91199299.40625,91199299.40625,95202.0
1493596800.0,1663543.0,3544.0,77.6,22307.6652,91228656.90625,91228656.90625,112202.0
1493683200.0,1678680.0,3461.0,77.24,22218.5493,91258093.3125,91258093.3125,110354.0
1493769600.0,1690254.0,3028.0,80.38,22633.4701,91287645.96875,91287645.96875,97334.0
1493856000.0,1708629.0,3351.0,94.64,22403.1399,91317072.53125,91317072.53125,114877.0
